keyword,Year
productive employment,2019
productive employment,2019
productive employment,2019
productive employment,2019
productive employment,2019
productive employment,2019
productive employment,2019
productive employment,2018
productive employment,2016
productive employment,2016
productive employment,2016
productive employment,2016
productive employment,2014
productive employment,2014
productive employment,2012
productive employment,2010
productive employment,2010
inclusive growth,2020
inclusive growth,2020
inclusive growth,2019
inclusive growth,2019
inclusive growth,2019
inclusive growth,2018
inclusive growth,2019
inclusive growth,2020
inclusive growth,2018
inclusive growth,2018
inclusive growth,2018
inclusive growth,2017
inclusive growth,2018
inclusive growth,2014
inclusive growth,2011
inclusive growth,2010
inclusive growth,2009
inclusive growth,2008
gender pay gap,2017
labor rights,2019
labor rights,2019
labor rights,2019
labor rights,2019
labor rights,2017
labor rights,2011
economic crisis,2020
economic crisis,2019
economic crisis,2018
economic crisis,2017
economic crisis,2016
economic crisis,2014
economic crisis,2014
economic crisis,2013
economic crisis,2013
economic crisis,2011
economic crisis,2011
economic crisis,2011
gender inequality,2020
gender inequality,2020
gender inequality,2019
gender inequality,2019
gender inequality,2019
gender inequality,2019
gender inequality,2019
gender inequality,2018
gender inequality,2019
gender inequality,2018
gender inequality,2018
gender inequality,2018
gender inequality,2019
gender inequality,2018
gender inequality,2019
gender inequality,2017
gender inequality,2017
gender inequality,2017
gender inequality,2016
gender inequality,2016
gender inequality,2016
gender inequality,2015
gender inequality,2015
gender inequality,2014
gender inequality,2012
financial crisis,2020
financial crisis,2020
financial crisis,2019
financial crisis,2019
financial crisis,2019
financial crisis,2018
financial crisis,2018
financial crisis,2018
financial crisis,2018
financial crisis,2019
financial crisis,2018
financial crisis,2017
financial crisis,2019
financial crisis,2017
financial crisis,2017
financial crisis,2017
financial crisis,2015
financial crisis,2014
financial crisis,2014
financial crisis,2013
financial crisis,2012
financial crisis,2014
financial crisis,2013
financial crisis,2011
financial crisis,2011
financial crisis,2011
financial crisis,2010
financial crisis,2010
unemployment,2020
unemployment,2020
unemployment,2019
unemployment,2019
unemployment,2019
unemployment,2019
unemployment,2018
unemployment,2018
unemployment,2018
unemployment,2017
unemployment,2017
unemployment,2017
unemployment,2017
unemployment,2017
unemployment,2017
unemployment,2016
unemployment,2016
unemployment,2016
unemployment,2015
unemployment,2015
unemployment,2015
unemployment,2015
unemployment,2015
unemployment,2015
unemployment,2014
unemployment,2014
unemployment,2014
unemployment,2015
unemployment,2013
unemployment,2012
unemployment,2011